{"accuracy": 0.8544135676338374, "f1_score": 0.8481983437980392, "dataset_size": 48937, "pos_count": 35440, "neg_count": 13497}