{"accuracy": 0.8574785451573355, "f1_score": 0.8515404368850048, "dataset_size": 48937, "pos_count": 35440, "neg_count": 13497}